<?xml version="1.0" encoding="UTF-8"?>             
<!--  An excerpt of an egocentric social network  -->             
<graphml xmlns="http://graphml.graphdrawing.org/xmlns">             
<graph edgedefault="undirected">             
<!-- data schema -->             
<key id="name" for="node" attr.name="name" attr.type="string"/>             
<key id="nickname" for="node" attr.name="nickname" attr.type="string"/>             
<key id="gender" for="node" attr.name="gender" attr.type="string"/>             
<key id="image" for="node" attr.name="image" attr.type="string"/>             
<key id="link" for="node" attr.name="link" attr.type="string"/>             
<key id="amount" for="edge" attr.name="amount" attr.type="int"/>             
<key id="pubs" for="node" attr.name="pubs" attr.type="int"/>
<!-- nodes -->                 
<node id="0">                 
<data key="name">Roberto Marcondes Cesar Junior</data>                 
<data key="nickname">CESAR JUNIOR, R. M.;Cesar, R.M.;Cesar, Roberto M.;CESARJR, R;Cesar Jr., Roberto M.;Cesar Junior, Roberto Marcondes;Cesar Jr., R.M.;Cesar, Roberto M</data>                 
<data key="gender">M</data>                 
<data key="image">http://buscatextual.cnpq.br/buscatextual/servletrecuperafoto?id=K4799759H4</data>                 
<data key="link">http://lattes.cnpq.br/2240951178648368</data>                 
<data key="pubs">7</data>                 
</node>
<!-- nodes -->                 
<node id="1">                 
<data key="name">Jesús Pascual Mena Chalco</data>                 
<data key="nickname">MENA-CHALCO, J. P.; MENA CHALCO, J. P.</data>                 
<data key="gender">M</data>                 
<data key="image">http://buscatextual.cnpq.br/buscatextual/servletrecuperafoto?id=K4500409Y4</data>                 
<data key="link">http://lattes.cnpq.br/4727357182510680</data>                 
<data key="pubs">7</data>                 
</node>
<!-- nodes -->                 
<node id="2">                 
<data key="name">Andréa Britto Mattos</data>                 
<data key="nickname">MATTOS, A. B.</data>                 
<data key="gender">F</data>                 
<data key="image">http://buscatextual.cnpq.br/buscatextual/servletrecuperafoto?id=K4468283H5</data>                 
<data key="link">http://lattes.cnpq.br/2837012019824386</data>                 
<data key="pubs">1</data>                 
</node>
<!-- edges -->                         
<edge source="0" target="1">                         
<data key="amount">7</data>                         
</edge>
<!-- edges -->                         
<edge source="0" target="2">                         
<data key="amount">1</data>                         
</edge>
<!-- edges -->                         
<edge source="1" target="0">                         
<data key="amount">7</data>                         
</edge>
<!-- edges -->                         
<edge source="1" target="2">                         
<data key="amount">1</data>                         
</edge>
<!-- edges -->                         
<edge source="2" target="0">                         
<data key="amount">1</data>                         
</edge>
<!-- edges -->                         
<edge source="2" target="1">                         
<data key="amount">1</data>                         
</edge>
</graph>            
</graphml>