<?xml version="1.0" encoding="UTF-8"?>             
<!--  An excerpt of an egocentric social network  -->             
<graphml xmlns="http://graphml.graphdrawing.org/xmlns">             
<graph edgedefault="undirected">             
<!-- data schema -->             
<key id="name" for="node" attr.name="name" attr.type="string"/>             
<key id="nickname" for="node" attr.name="nickname" attr.type="string"/>             
<key id="gender" for="node" attr.name="gender" attr.type="string"/>             
<key id="image" for="node" attr.name="image" attr.type="string"/>             
<key id="link" for="node" attr.name="link" attr.type="string"/>             
<key id="amount" for="edge" attr.name="amount" attr.type="int"/>             
<key id="pubs" for="node" attr.name="pubs" attr.type="int"/>
<!-- nodes -->                 
<node id="0">                 
<data key="name">Adriano Velasque Werhli</data>                 
<data key="nickname">WERHLI, A. V.;WERHLI, ADRIANO V.</data>                 
<data key="gender">M</data>                 
<data key="image">http://buscatextual.cnpq.br/buscatextual/servletrecuperafoto?id=K4773665E8</data>                 
<data key="link">http://lattes.cnpq.br/4393367734853964</data>                 
<data key="pubs">3</data>                 
</node>
<!-- nodes -->                 
<node id="1">                 
<data key="name">Alessandro de Lima Bicho</data>                 
<data key="nickname">BICHO, A. L.</data>                 
<data key="gender">M</data>                 
<data key="image">http://buscatextual.cnpq.br/buscatextual/servletrecuperafoto?id=K4700964Z3</data>                 
<data key="link">http://lattes.cnpq.br/6965119196945931</data>                 
<data key="pubs">2</data>                 
</node>
<!-- nodes -->                 
<node id="2">                 
<data key="name">André Luis Castro de Freitas</data>                 
<data key="nickname">FREITAS, A. L. C.</data>                 
<data key="gender">M</data>                 
<data key="image">http://buscatextual.cnpq.br/buscatextual/servletrecuperafoto?id=K4707129D6</data>                 
<data key="link">http://lattes.cnpq.br/8252864210379656</data>                 
<data key="pubs">0</data>                 
</node>
<!-- nodes -->                 
<node id="3">                 
<data key="name">Andre Prisco Vargas</data>                 
<data key="nickname">VARGAS, A. P.</data>                 
<data key="gender">M</data>                 
<data key="image">usuario.png</data>                 
<data key="link">http://lattes.cnpq.br/0243625998325831</data>                 
<data key="pubs">0</data>                 
</node>
<!-- nodes -->                 
<node id="4">                 
<data key="name">Antonio Carlos da Rocha Costa</data>                 
<data key="nickname">COSTA, A. C. R.</data>                 
<data key="gender">M</data>                 
<data key="image">http://buscatextual.cnpq.br/buscatextual/servletrecuperafoto?id=K4781212H1</data>                 
<data key="link">http://lattes.cnpq.br/5601943285331545</data>                 
<data key="pubs">51</data>                 
</node>
<!-- nodes -->                 
<node id="5">                 
<data key="name">Celso Luiz Lopes Rodrigues</data>                 
<data key="nickname">RODRIGUES, Celso Luiz Lopes</data>                 
<data key="gender">M</data>                 
<data key="image">usuario.png</data>                 
<data key="link">http://lattes.cnpq.br/2264555408583001</data>                 
<data key="pubs">0</data>                 
</node>
<!-- nodes -->                 
<node id="6">                 
<data key="name">Cláudio Dornelles Mello Júnior</data>                 
<data key="nickname">MELLO JÚNIOR, C. D.</data>                 
<data key="gender">M</data>                 
<data key="image">http://buscatextual.cnpq.br/buscatextual/servletrecuperafoto?id=K4791498E0</data>                 
<data key="link">http://lattes.cnpq.br/5464430592929387</data>                 
<data key="pubs">3</data>                 
</node>
<!-- nodes -->                 
<node id="7">                 
<data key="name">Cristina Meinhardt</data>                 
<data key="nickname">MEINHARDT, Cristina;Meinhardt, Cristina</data>                 
<data key="gender">F</data>                 
<data key="image">http://buscatextual.cnpq.br/buscatextual/servletrecuperafoto?id=K4764249J4</data>                 
<data key="link">http://lattes.cnpq.br/6816603089210442</data>                 
<data key="pubs">0</data>                 
</node>
<!-- nodes -->                 
<node id="8">                 
<data key="name">Denis Teixeira Franco</data>                 
<data key="nickname">FRANCO, D. T.;FRANCO, D</data>                 
<data key="gender">M</data>                 
<data key="image">usuario.png</data>                 
<data key="link">http://lattes.cnpq.br/5184930755123241</data>                 
<data key="pubs">0</data>                 
</node>
<!-- nodes -->                 
<node id="9">                 
<data key="name">Danúbia Bueno Espíndola</data>                 
<data key="nickname">ESPÍNDOLA, Danúbia Bueno</data>                 
<data key="gender">F</data>                 
<data key="image">http://buscatextual.cnpq.br/buscatextual/servletrecuperafoto?id=K4162354Z7</data>                 
<data key="link">http://lattes.cnpq.br/9582755594379866</data>                 
<data key="pubs">7</data>                 
</node>
<!-- nodes -->                 
<node id="10">                 
<data key="name">Diana Francisca Adamatti</data>                 
<data key="nickname">ADAMATTI, D. F.</data>                 
<data key="gender">F</data>                 
<data key="image">http://buscatextual.cnpq.br/buscatextual/servletrecuperafoto?id=K4706034A8</data>                 
<data key="link">http://lattes.cnpq.br/4984043849101331</data>                 
<data key="pubs">5</data>                 
</node>
<!-- nodes -->                 
<node id="11">                 
<data key="name">Eder Mateus Nunes Gonçalves</data>                 
<data key="nickname">GONÇALVES, Eder Mateus Nunes</data>                 
<data key="gender">M</data>                 
<data key="image">usuario.png</data>                 
<data key="link">http://lattes.cnpq.br/8560050240967369</data>                 
<data key="pubs">6</data>                 
</node>
<!-- nodes -->                 
<node id="12">                 
<data key="name">Eduardo Nunes Borges</data>                 
<data key="nickname">BORGES, Eduardo Nunes;Borges, Eduardo N.</data>                 
<data key="gender">M</data>                 
<data key="image">http://buscatextual.cnpq.br/buscatextual/servletrecuperafoto?id=K4511893E3</data>                 
<data key="link">http://lattes.cnpq.br/5851601274050374</data>                 
<data key="pubs">0</data>                 
</node>
<!-- nodes -->                 
<node id="13">                 
<data key="name">Emanuel da Silva Diaz Estrada</data>                 
<data key="nickname">ESTRADA, E. S. D.</data>                 
<data key="gender">M</data>                 
<data key="image">http://buscatextual.cnpq.br/buscatextual/servletrecuperafoto?id=K4232081P5</data>                 
<data key="link">http://lattes.cnpq.br/3463902649683230</data>                 
<data key="pubs">11</data>                 
</node>
<!-- nodes -->                 
<node id="14">                 
<data key="name">Geralcy Carneiro da Silva</data>                 
<data key="nickname">SILVA, G. C.; CARNEIRO, G.</data>                 
<data key="gender">M</data>                 
<data key="image">usuario.png</data>                 
<data key="link">http://lattes.cnpq.br/2251297387859499</data>                 
<data key="pubs">0</data>                 
</node>
<!-- nodes -->                 
<node id="15">                 
<data key="name">Glauber Acunha Goncalves</data>                 
<data key="nickname">GONCALVES, G. A.</data>                 
<data key="gender">M</data>                 
<data key="image">usuario.png</data>                 
<data key="link">http://lattes.cnpq.br/2814370196736373</data>                 
<data key="pubs">0</data>                 
</node>
<!-- nodes -->                 
<node id="16">                 
<data key="name">Graçaliz Pereira Dimuro</data>                 
<data key="nickname">DIMURO, G. P.;Dimuro, Graçaliz P.;Dimuro, G.P.;Dimuro, Graçaliz Pereira</data>                 
<data key="gender">F</data>                 
<data key="image">http://buscatextual.cnpq.br/buscatextual/servletrecuperafoto?id=K4796586U1</data>                 
<data key="link">http://lattes.cnpq.br/9414212573217453</data>                 
<data key="pubs">51</data>                 
</node>
<!-- nodes -->                 
<node id="17">                 
<data key="name">Ivete Martins Pinto</data>                 
<data key="nickname">PINTO, I. M.</data>                 
<data key="gender">F</data>                 
<data key="image">usuaria.png</data>                 
<data key="link">http://lattes.cnpq.br/8740785327180983</data>                 
<data key="pubs">3</data>                 
</node>
<!-- nodes -->                 
<node id="18">                 
<data key="name">Karina dos Santos Machado</data>                 
<data key="nickname">MACHADO, K. S.</data>                 
<data key="gender">F</data>                 
<data key="image">usuaria.png</data>                 
<data key="link">http://lattes.cnpq.br/3528633359332021</data>                 
<data key="pubs">0</data>                 
</node>
<!-- nodes -->                 
<node id="19">                 
<data key="name">Leonardo Ramos Emmendorfer</data>                 
<data key="nickname">EMMENDORFER, L. R.;Emmendorfer, Leonardo Ramos</data>                 
<data key="gender">M</data>                 
<data key="image">http://buscatextual.cnpq.br/buscatextual/servletrecuperafoto?id=K4701185E9</data>                 
<data key="link">http://lattes.cnpq.br/1129100746134234</data>                 
<data key="pubs">4</data>                 
</node>
<!-- nodes -->                 
<node id="20">                 
<data key="name">Nelson Lopes Duarte Filho</data>                 
<data key="nickname">DUARTE FILHO, Nelson Lopes</data>                 
<data key="gender">M</data>                 
<data key="image">http://buscatextual.cnpq.br/buscatextual/servletrecuperafoto?id=K4797197E9</data>                 
<data key="link">http://lattes.cnpq.br/5369672706522008</data>                 
<data key="pubs">15</data>                 
</node>
<!-- nodes -->                 
<node id="21">                 
<data key="name">Nisia Krusche</data>                 
<data key="nickname">KRUSCHE, N.</data>                 
<data key="gender">F</data>                 
<data key="image">http://buscatextual.cnpq.br/buscatextual/servletrecuperafoto?id=K4727092A2</data>                 
<data key="link">http://lattes.cnpq.br/1606080164385644</data>                 
<data key="pubs">0</data>                 
</node>
<!-- nodes -->                 
<node id="22">                 
<data key="name">Odorico Machado Mendizabal</data>                 
<data key="nickname">MENDIZABAL, O. M.;MENDIZABAL, O</data>                 
<data key="gender">M</data>                 
<data key="image">http://buscatextual.cnpq.br/buscatextual/servletrecuperafoto?id=K4777868A7</data>                 
<data key="link">http://lattes.cnpq.br/6058299964884859</data>                 
<data key="pubs">0</data>                 
</node>
<!-- nodes -->                 
<node id="23">                 
<data key="name">Paulo Francisco Butzen</data>                 
<data key="nickname">BUTZEN, P. F.;Butzen, Paulo; Butzen, P.</data>                 
<data key="gender">M</data>                 
<data key="image">usuario.png</data>                 
<data key="link">http://lattes.cnpq.br/1952072482347004</data>                 
<data key="pubs">0</data>                 
</node>
<!-- nodes -->                 
<node id="24">                 
<data key="name">Paulo Lilles Jorge Drews Junior</data>                 
<data key="nickname">DREWS JR, P. L. J.;Drews Junior, Paulo Lilles Jorge; Drews, P.; Drews Jr., P.; Drews, Paulo</data>                 
<data key="gender">M</data>                 
<data key="image">http://buscatextual.cnpq.br/buscatextual/servletrecuperafoto?id=K4138367D0</data>                 
<data key="link">http://lattes.cnpq.br/5551697165370587</data>                 
<data key="pubs">18</data>                 
</node>
<!-- nodes -->                 
<node id="25">                 
<data key="name">Rafael Augusto Penna dos Santos</data>                 
<data key="nickname">SANTOS, Rafael Augusto Penna dos;DOSSANTOS, R</data>                 
<data key="gender">M</data>                 
<data key="image">usuario.png</data>                 
<data key="link">http://lattes.cnpq.br/2765008024136365</data>                 
<data key="pubs">0</data>                 
</node>
<!-- nodes -->                 
<node id="26">                 
<data key="name">Regina Barwaldt</data>                 
<data key="nickname">BARWALDT, Regina</data>                 
<data key="gender">F</data>                 
<data key="image">http://buscatextual.cnpq.br/buscatextual/servletrecuperafoto?id=K4772776H0</data>                 
<data key="link">http://lattes.cnpq.br/2017770059745262</data>                 
<data key="pubs">0</data>                 
</node>
<!-- nodes -->                 
<node id="27">                 
<data key="name">Rodrigo Andrade de Bem</data>                 
<data key="nickname">DE BEM, Rodrigo Andrade</data>                 
<data key="gender">M</data>                 
<data key="image">usuario.png</data>                 
<data key="link">http://lattes.cnpq.br/3935196239515458</data>                 
<data key="pubs">2</data>                 
</node>
<!-- nodes -->                 
<node id="28">                 
<data key="name">Rodrigo Zelir Azzolin</data>                 
<data key="nickname">AZZOLIN, Rodrigo Zelir</data>                 
<data key="gender">M</data>                 
<data key="image">http://buscatextual.cnpq.br/buscatextual/servletrecuperafoto?id=K4717240Z6</data>                 
<data key="link">http://lattes.cnpq.br/0985488148768235</data>                 
<data key="pubs">0</data>                 
</node>
<!-- nodes -->                 
<node id="29">                 
<data key="name">Silvia Silva da Costa Botelho</data>                 
<data key="nickname">BOTELHO, S. S. C.;Botelho, Silvia</data>                 
<data key="gender">F</data>                 
<data key="image">http://buscatextual.cnpq.br/buscatextual/servletrecuperafoto?id=K4723628Z9</data>                 
<data key="link">http://lattes.cnpq.br/8800859024101679</data>                 
<data key="pubs">47</data>                 
</node>
<!-- nodes -->                 
<node id="30">                 
<data key="name">Vagner Santos da Rosa</data>                 
<data key="nickname">ROSA, V. S.</data>                 
<data key="gender">M</data>                 
<data key="image">usuario.png</data>                 
<data key="link">http://lattes.cnpq.br/4599170539959463</data>                 
<data key="pubs">3</data>                 
</node>
<!-- nodes -->                 
<node id="31">                 
<data key="name">Vinícius Menezes de Oliveira</data>                 
<data key="nickname">OLIVEIRA, V. M.</data>                 
<data key="gender">M</data>                 
<data key="image">usuario.png</data>                 
<data key="link">http://lattes.cnpq.br/9262132256691648</data>                 
<data key="pubs">9</data>                 
</node>
<!-- nodes -->                 
<node id="32">                 
<data key="name">Vitor Irigon Gervini</data>                 
<data key="nickname">GERVINI, V. I.</data>                 
<data key="gender">M</data>                 
<data key="image">usuario.png</data>                 
<data key="link">http://lattes.cnpq.br/2056380331247057</data>                 
<data key="pubs">3</data>                 
</node>
<!-- edges -->                         
<edge source="0" target="1">                         
<data key="amount">1</data>                         
</edge>
<!-- edges -->                         
<edge source="0" target="10">                         
<data key="amount">1</data>                         
</edge>
<!-- edges -->                         
<edge source="0" target="19">                         
<data key="amount">1</data>                         
</edge>
<!-- edges -->                         
<edge source="0" target="29">                         
<data key="amount">1</data>                         
</edge>
<!-- edges -->                         
<edge source="1" target="0">                         
<data key="amount">1</data>                         
</edge>
<!-- edges -->                         
<edge source="1" target="9">                         
<data key="amount">1</data>                         
</edge>
<!-- edges -->                         
<edge source="1" target="29">                         
<data key="amount">1</data>                         
</edge>
<!-- edges -->                         
<edge source="4" target="16">                         
<data key="amount">51</data>                         
</edge>
<!-- edges -->                         
<edge source="6" target="11">                         
<data key="amount">2</data>                         
</edge>
<!-- edges -->                         
<edge source="6" target="13">                         
<data key="amount">3</data>                         
</edge>
<!-- edges -->                         
<edge source="6" target="20">                         
<data key="amount">1</data>                         
</edge>
<!-- edges -->                         
<edge source="6" target="24">                         
<data key="amount">1</data>                         
</edge>
<!-- edges -->                         
<edge source="6" target="29">                         
<data key="amount">3</data>                         
</edge>
<!-- edges -->                         
<edge source="6" target="31">                         
<data key="amount">3</data>                         
</edge>
<!-- edges -->                         
<edge source="9" target="1">                         
<data key="amount">1</data>                         
</edge>
<!-- edges -->                         
<edge source="9" target="20">                         
<data key="amount">4</data>                         
</edge>
<!-- edges -->                         
<edge source="9" target="29">                         
<data key="amount">6</data>                         
</edge>
<!-- edges -->                         
<edge source="10" target="0">                         
<data key="amount">1</data>                         
</edge>
<!-- edges -->                         
<edge source="10" target="19">                         
<data key="amount">4</data>                         
</edge>
<!-- edges -->                         
<edge source="10" target="29">                         
<data key="amount">1</data>                         
</edge>
<!-- edges -->                         
<edge source="11" target="6">                         
<data key="amount">2</data>                         
</edge>
<!-- edges -->                         
<edge source="11" target="13">                         
<data key="amount">4</data>                         
</edge>
<!-- edges -->                         
<edge source="11" target="20">                         
<data key="amount">1</data>                         
</edge>
<!-- edges -->                         
<edge source="11" target="24">                         
<data key="amount">1</data>                         
</edge>
<!-- edges -->                         
<edge source="11" target="29">                         
<data key="amount">5</data>                         
</edge>
<!-- edges -->                         
<edge source="11" target="31">                         
<data key="amount">4</data>                         
</edge>
<!-- edges -->                         
<edge source="13" target="6">                         
<data key="amount">3</data>                         
</edge>
<!-- edges -->                         
<edge source="13" target="11">                         
<data key="amount">4</data>                         
</edge>
<!-- edges -->                         
<edge source="13" target="20">                         
<data key="amount">2</data>                         
</edge>
<!-- edges -->                         
<edge source="13" target="24">                         
<data key="amount">2</data>                         
</edge>
<!-- edges -->                         
<edge source="13" target="29">                         
<data key="amount">7</data>                         
</edge>
<!-- edges -->                         
<edge source="13" target="31">                         
<data key="amount">8</data>                         
</edge>
<!-- edges -->                         
<edge source="16" target="4">                         
<data key="amount">51</data>                         
</edge>
<!-- edges -->                         
<edge source="17" target="29">                         
<data key="amount">3</data>                         
</edge>
<!-- edges -->                         
<edge source="19" target="0">                         
<data key="amount">1</data>                         
</edge>
<!-- edges -->                         
<edge source="19" target="10">                         
<data key="amount">4</data>                         
</edge>
<!-- edges -->                         
<edge source="20" target="6">                         
<data key="amount">1</data>                         
</edge>
<!-- edges -->                         
<edge source="20" target="9">                         
<data key="amount">4</data>                         
</edge>
<!-- edges -->                         
<edge source="20" target="11">                         
<data key="amount">1</data>                         
</edge>
<!-- edges -->                         
<edge source="20" target="13">                         
<data key="amount">2</data>                         
</edge>
<!-- edges -->                         
<edge source="20" target="24">                         
<data key="amount">1</data>                         
</edge>
<!-- edges -->                         
<edge source="20" target="29">                         
<data key="amount">13</data>                         
</edge>
<!-- edges -->                         
<edge source="20" target="31">                         
<data key="amount">2</data>                         
</edge>
<!-- edges -->                         
<edge source="24" target="6">                         
<data key="amount">1</data>                         
</edge>
<!-- edges -->                         
<edge source="24" target="11">                         
<data key="amount">1</data>                         
</edge>
<!-- edges -->                         
<edge source="24" target="13">                         
<data key="amount">2</data>                         
</edge>
<!-- edges -->                         
<edge source="24" target="20">                         
<data key="amount">1</data>                         
</edge>
<!-- edges -->                         
<edge source="24" target="29">                         
<data key="amount">17</data>                         
</edge>
<!-- edges -->                         
<edge source="24" target="31">                         
<data key="amount">1</data>                         
</edge>
<!-- edges -->                         
<edge source="27" target="29">                         
<data key="amount">2</data>                         
</edge>
<!-- edges -->                         
<edge source="29" target="0">                         
<data key="amount">1</data>                         
</edge>
<!-- edges -->                         
<edge source="29" target="1">                         
<data key="amount">1</data>                         
</edge>
<!-- edges -->                         
<edge source="29" target="6">                         
<data key="amount">3</data>                         
</edge>
<!-- edges -->                         
<edge source="29" target="9">                         
<data key="amount">6</data>                         
</edge>
<!-- edges -->                         
<edge source="29" target="10">                         
<data key="amount">1</data>                         
</edge>
<!-- edges -->                         
<edge source="29" target="11">                         
<data key="amount">5</data>                         
</edge>
<!-- edges -->                         
<edge source="29" target="13">                         
<data key="amount">7</data>                         
</edge>
<!-- edges -->                         
<edge source="29" target="17">                         
<data key="amount">3</data>                         
</edge>
<!-- edges -->                         
<edge source="29" target="20">                         
<data key="amount">13</data>                         
</edge>
<!-- edges -->                         
<edge source="29" target="24">                         
<data key="amount">17</data>                         
</edge>
<!-- edges -->                         
<edge source="29" target="27">                         
<data key="amount">2</data>                         
</edge>
<!-- edges -->                         
<edge source="29" target="31">                         
<data key="amount">6</data>                         
</edge>
<!-- edges -->                         
<edge source="30" target="32">                         
<data key="amount">3</data>                         
</edge>
<!-- edges -->                         
<edge source="31" target="6">                         
<data key="amount">3</data>                         
</edge>
<!-- edges -->                         
<edge source="31" target="11">                         
<data key="amount">4</data>                         
</edge>
<!-- edges -->                         
<edge source="31" target="13">                         
<data key="amount">8</data>                         
</edge>
<!-- edges -->                         
<edge source="31" target="20">                         
<data key="amount">2</data>                         
</edge>
<!-- edges -->                         
<edge source="31" target="24">                         
<data key="amount">1</data>                         
</edge>
<!-- edges -->                         
<edge source="31" target="29">                         
<data key="amount">6</data>                         
</edge>
<!-- edges -->                         
<edge source="32" target="30">                         
<data key="amount">3</data>                         
</edge>
</graph>            
</graphml>